[
  {
    "id": "口",
    "character": "口",
    "pinyin": "kǒu",
    "meaning": "mouth",
    "strokeCount": 3,
    "normalImageName": "kou_normal",
    "traceImageName": "kou_trace",
    "animationImageName": "kou_order",
    "strokes": [
      {
        "order": 1,
        "name": "竖",
        "type": "shu",
        "path": [ [100.0, 100.0], [100.0, 400.0] ],
        "boundingBox": [100.0, 100.0, 0.0, 300.0],
        "startTime": 0.0,
        "endTime": 0.3
      },
      {
        "order": 2,
        "name": "横折",
        "type": "hengzhe",
        "path": [ [100.0, 100.0], [400.0, 100.0], [400.0, 400.0] ],
        "boundingBox": [100.0, 100.0, 300.0, 300.0],
        "startTime": 0.35,
        "endTime": 0.7
      },
      {
        "order": 3,
        "name": "横",
        "type": "heng",
        "path": [ [100.0, 400.0], [400.0, 400.0] ],
        "boundingBox": [100.0, 400.0, 300.0, 0.0],
        "startTime": 0.75,
        "endTime": 1.0
      }
    ]
  },
  {
    "id": "人",
    "character": "人",
    "pinyin": "rén",
    "meaning": "person",
    "strokeCount": 2,
    "normalImageName": "ren_normal",
    "traceImageName": "ren_trace",
    "animationImageName": "ren_order",
    "strokes": [
      {
        "order": 1,
        "name": "撇",
        "type": "pie",
        "path": [ [250.0, 100.0], [100.0, 400.0] ],
        "boundingBox": [100.0, 100.0, 150.0, 300.0],
        "startTime": 0.0,
        "endTime": 0.45
      },
      {
        "order": 2,
        "name": "捺",
        "type": "na",
        "path": [ [250.0, 100.0], [400.0, 400.0] ],
        "boundingBox": [250.0, 100.0, 150.0, 300.0],
        "startTime": 0.5,
        "endTime": 1.0
      }
    ]
  },
  {
    "id": "日",
    "character": "日",
    "pinyin": "rì",
    "meaning": "sun/day",
    "strokeCount": 4,
    "normalImageName": "ri_normal",
    "traceImageName": "ri_trace",
    "animationImageName": "ri_order",
    "strokes": [
      {
        "order": 1,
        "name": "竖",
        "type": "shu",
        "path": [ [100.0, 100.0], [100.0, 400.0] ],
        "boundingBox": [100.0, 100.0, 0.0, 300.0],
        "startTime": 0.0,
        "endTime": 0.2
      },
      {
        "order": 2,
        "name": "横折",
        "type": "hengzhe",
        "path": [ [100.0, 100.0], [400.0, 100.0], [400.0, 400.0] ],
        "boundingBox": [100.0, 100.0, 300.0, 300.0],
        "startTime": 0.25,
        "endTime": 0.55
      },
        {
        "order": 3,
        "name": "横",
        "type": "heng",
        "path": [ [100.0, 250.0], [400.0, 250.0] ],
        "boundingBox": [100.0, 250.0, 300.0, 0.0],
        "startTime": 0.6,
        "endTime": 0.8
      },
      {
        "order": 4,
        "name": "横",
        "type": "heng",
        "path": [ [100.0, 400.0], [400.0, 400.0] ],
        "boundingBox": [100.0, 400.0, 300.0, 0.0],
        "startTime": 0.85,
        "endTime": 1.0
      }
    ]
  }
]
